<?xml version="1.0" encoding="gb2312"?>
<interface>
  <!-- interface-requires gtk+ 2.6 -->
  <object class="GtkAccelGroup" id="accelgroup"/>
  <object class="GtkWindow" id="viewer">
    <property name="can_focus">False</property>
    <property name="default_width">400</property>
    <property name="default_height">400</property>
    <signal name="delete-event" handler="virt_viewer_window_delete" swapped="no"/>
    <child>
      <object class="GtkVBox" id="viewer-box">
        <property name="visible">True</property>
        <property name="can_focus">False</property>
        <child>
          <object class="GtkMenuBar" id="top-menu">
            <property name="visible">True</property>
            <property name="can_focus">False</property>
            <child>
              <object class="GtkMenuItem" id="menu-file">
                <property name="visible">True</property>
                <property name="can_focus">False</property>
                <property name="use_action_appearance">False</property>
                <property name="label" translatable="yes">文件</property>
                <property name="use_underline">True</property>
                <child type="submenu">
                  <object class="GtkMenu" id="menu1">
                    <property name="visible">True</property>
                    <property name="can_focus">False</property>
                    <property name="accel_group">accelgroup</property>
                    <child>
                      <object class="GtkMenuItem" id="menu-file-screenshot">
                        <property name="visible">True</property>
                        <property name="can_focus">False</property>
                        <property name="use_action_appearance">False</property>
                        <property name="label" translatable="yes">屏幕截图</property>
                        <property name="use_underline">True</property>
                        <signal name="activate" handler="virt_viewer_window_menu_file_screenshot" swapped="no"/>
                      </object>
                    </child>
                    <child>
                      <object class="GtkMenuItem" id="menu-file-usb-device-selection">
                        <property name="visible">True</property>
                        <property name="sensitive">False</property>
                        <property name="can_focus">False</property>
                        <property name="use_action_appearance">False</property>
                        <property name="label" translatable="yes">选择USB设备</property>
                        <property name="use_underline">True</property>
                        <signal name="activate" handler="virt_viewer_window_menu_file_usb_device_selection" swapped="no"/>
                      </object>
                    </child>
                    <child>
                      <object class="GtkMenuItem" id="menu-file-smartcard-insert">
                        <property name="can_focus">False</property>
                        <property name="use_action_appearance">False</property>
                        <property name="accel_path">&lt;virt-viewer&gt;/file/smartcard-insert</property>
                        <property name="label" translatable="yes">插入智能卡</property>
                        <property name="use_underline">True</property>
                        <signal name="activate" handler="virt_viewer_window_menu_file_smartcard_insert" swapped="no"/>
                      </object>
                    </child>
                    <child>
                      <object class="GtkMenuItem" id="menu-file-smartcard-remove">
                        <property name="can_focus">False</property>
                        <property name="use_action_appearance">False</property>
                        <property name="accel_path">&lt;virt-viewer&gt;/file/smartcard-remove</property>
                        <property name="label" translatable="yes">删除智能卡</property>
                        <property name="use_underline">True</property>
                        <signal name="activate" handler="virt_viewer_window_menu_file_smartcard_remove" swapped="no"/>
                      </object>
                    </child>
                    <child>
                      <object class="GtkSeparatorMenuItem" id="separatormenuitem1">
                        <property name="visible">True</property>
                        <property name="can_focus">False</property>
                      </object>
                    </child>
                    <child>
                      <object class="GtkImageMenuItem" id="imagemenuitem5">
                        <property name="label">退出</property>
                        <property name="visible">True</property>
                        <property name="can_focus">False</property>
                        <property name="use_action_appearance">False</property>
                        <property name="use_underline">True</property>
                        <property name="use_stock">True</property>
                        <accelerator key="q" signal="activate" modifiers="GDK_SHIFT_MASK | GDK_CONTROL_MASK"/>
                        <signal name="activate" handler="virt_viewer_window_menu_file_quit" swapped="no"/>
                      </object>
                    </child>
                  </object>
                </child>
              </object>
            </child>
            <child>
              <object class="GtkMenuItem" id="menu-view">
                <property name="visible">True</property>
                <property name="can_focus">False</property>
                <property name="use_action_appearance">False</property>
                <property name="label" translatable="yes">视图</property>
                <property name="use_underline">True</property>
                <child type="submenu">
                  <object class="GtkMenu" id="menu2">
                    <property name="visible">True</property>
                    <property name="can_focus">False</property>
                    <property name="accel_group">accelgroup</property>
                    <child>
                      <object class="GtkCheckMenuItem" id="menu-view-fullscreen">
                        <property name="visible">True</property>
                        <property name="can_focus">False</property>
                        <property name="use_action_appearance">False</property>
                        <property name="accel_path">&lt;virt-viewer&gt;/view/toggle-fullscreen</property>
                        <property name="label" translatable="yes">全屏</property>
                        <property name="use_underline">True</property>
                        <signal name="toggled" handler="virt_viewer_window_menu_view_fullscreen" swapped="no"/>
                      </object>
                    </child>
                    <child>
                      <object class="GtkMenuItem" id="menu-view-zoom">
                        <property name="visible">True</property>
                        <property name="can_focus">False</property>
                        <property name="use_action_appearance">False</property>
                        <property name="label" translatable="yes">缩放</property>
                        <property name="use_underline">True</property>
                        <child type="submenu">
                          <object class="GtkMenu" id="menu4">
                            <property name="visible">True</property>
                            <property name="can_focus">False</property>
                            <property name="accel_group">accelgroup</property>
                            <child>
                              <object class="GtkImageMenuItem" id="menu-view-zoom-in">
                                <property name="label">放大</property>
                                <property name="visible">True</property>
                                <property name="can_focus">False</property>
                                <property name="use_action_appearance">False</property>
                                <property name="use_underline">True</property>
                                <property name="use_stock">True</property>
                                <accelerator key="plus" signal="activate" modifiers="GDK_CONTROL_MASK"/>
                                <signal name="activate" handler="virt_viewer_window_menu_view_zoom_in" swapped="no"/>
                              </object>
                            </child>
                            <child>
                              <object class="GtkImageMenuItem" id="menu-view-zoom-out">
                                <property name="label">缩小</property>
                                <property name="visible">True</property>
                                <property name="can_focus">False</property>
                                <property name="use_action_appearance">False</property>
                                <property name="use_underline">True</property>
                                <property name="use_stock">True</property>
                                <accelerator key="minus" signal="activate" modifiers="GDK_CONTROL_MASK"/>
                                <signal name="activate" handler="virt_viewer_window_menu_view_zoom_out" swapped="no"/>
                              </object>
                            </child>
                            <child>
                              <object class="GtkSeparatorMenuItem" id="separatormenuitem4">
                                <property name="visible">True</property>
                                <property name="can_focus">False</property>
                              </object>
                            </child>
                            <child>
                              <object class="GtkImageMenuItem" id="menu-view-zoom-reset">
                                <property name="accel_path">&lt;virt-viewer&gt;/view/zoom-reset</property>
                                <property name="label">默认大小</property>
                                <property name="visible">True</property>
                                <property name="can_focus">False</property>
                                <property name="use_action_appearance">False</property>
                                <property name="use_underline">True</property>
                                <property name="use_stock">True</property>
                                <signal name="activate" handler="virt_viewer_window_menu_view_zoom_reset" swapped="no"/>
                              </object>
                            </child>
                          </object>
                        </child>
                      </object>
                    </child>
                    <child>
                      <object class="GtkCheckMenuItem" id="menu-view-resize">
                        <property name="visible">True</property>
                        <property name="can_focus">False</property>
                        <property name="use_action_appearance">False</property>
                        <property name="label" translatable="yes">自动调整大小</property>
                        <property name="use_underline">True</property>
                        <signal name="toggled" handler="virt_viewer_window_menu_view_resize" swapped="no"/>
                      </object>
                    </child>
                    <child>
                      <object class="GtkMenuItem" id="menu-displays">
                        <property name="visible">True</property>
                        <property name="can_focus">False</property>
                        <property name="use_action_appearance">False</property>
                        <property name="label" translatable="yes">显示</property>
                        <property name="use_underline">True</property>
                      </object>
                    </child>
                  </object>
                </child>
              </object>
            </child>
            <child>
              <object class="GtkMenuItem" id="menu-send">
                <property name="visible">True</property>
                <property name="can_focus">False</property>
                <property name="use_action_appearance">False</property>
                <property name="label" translatable="yes">发送组合键</property>
                <property name="use_underline">True</property>
              </object>
            </child>
          </object>
          <packing>
            <property name="expand">False</property>
            <property name="fill">True</property>
            <property name="position">0</property>
          </packing>
        </child>
      </object>
    </child>
  </object>
</interface>
