<?xml version="1.0" encoding="gb2312"?>
<interface>
  <!-- interface-requires gtk+ 2.12 -->
  <object class="GtkDialog" id="auth">
    <property name="can_focus">False</property>
    <property name="border_width">5</property>
    <property name="title" translatable="yes">验证请求</property>
    <property name="modal">True</property>
    <property name="window_position">center-on-parent</property>
    <property name="destroy_with_parent">True</property>
    <property name="type_hint">dialog</property>
    <property name="skip_taskbar_hint">True</property>
    <property name="skip_pager_hint">True</property>
    <child internal-child="vbox">
      <object class="GtkBox" id="dialog-vbox1">
        <property name="visible">True</property>
        <property name="can_focus">False</property>
        <property name="orientation">vertical</property>
        <property name="spacing">2</property>
        <child internal-child="action_area">
          <object class="GtkButtonBox" id="dialog-action_area1">
            <property name="visible">True</property>
            <property name="can_focus">False</property>
            <property name="layout_style">end</property>
            <child>
              <object class="GtkButton" id="button-cancel">
                <property name="label">返回</property>
                <property name="visible">True</property>
                <property name="can_focus">True</property>
                <property name="receives_default">True</property>
                <property name="use_action_appearance">False</property>
                <property name="use_stock">True</property>
              </object>
              <packing>
                <property name="expand">False</property>
                <property name="fill">False</property>
                <property name="position">0</property>
              </packing>
            </child>
            <child>
              <object class="GtkButton" id="button-ok">
                <property name="label">确定</property>
                <property name="visible">True</property>
                <property name="can_focus">True</property>
                <property name="can_default">True</property>
                <property name="has_default">True</property>
                <property name="receives_default">True</property>
                <property name="use_action_appearance">False</property>
                <property name="use_stock">True</property>
              </object>
              <packing>
                <property name="expand">False</property>
                <property name="fill">False</property>
                <property name="position">3</property>
              </packing>
            </child>
          </object>
          <packing>
            <property name="expand">False</property>
            <property name="fill">True</property>
            <property name="pack_type">end</property>
            <property name="position">0</property>
          </packing>
        </child>
        <child>
          <object class="GtkLabel" id="message">
            <property name="visible">True</property>
            <property name="can_focus">False</property>
            <property name="xalign">0</property>
            <property name="yalign">0</property>
            <property name="label" translatable="yes">label</property>
            <property name="use_markup">True</property>
          </object>
          <packing>
            <property name="expand">False</property>
            <property name="fill">True</property>
            <property name="position">1</property>
          </packing>
        </child>
        <child>
          <object class="GtkTable" id="table1">
            <property name="visible">True</property>
            <property name="can_focus">False</property>
            <property name="n_rows">2</property>
            <property name="n_columns">2</property>
            <property name="column_spacing">6</property>
            <property name="row_spacing">6</property>
            <child>
              <object class="GtkLabel" id="prompt-password">
                <property name="visible">True</property>
                <property name="can_focus">False</property>
                <property name="xalign">1</property>
                <property name="label" translatable="yes">密码:</property>
              </object>
              <packing>
                <property name="top_attach">1</property>
                <property name="bottom_attach">2</property>
              </packing>
            </child>
            <child>
              <object class="GtkLabel" id="prompt-username">
                <property name="visible">True</property>
                <property name="can_focus">False</property>
                <property name="xalign">1</property>
                <property name="label" translatable="yes">用户名:</property>
              </object>
            </child>
            <child>
              <object class="GtkEntry" id="cred-username">
                <property name="visible">True</property>
                <property name="can_focus">True</property>
              </object>
              <packing>
                <property name="left_attach">1</property>
                <property name="right_attach">2</property>
              </packing>
            </child>
            <child>
              <object class="GtkEntry" id="cred-password">
                <property name="visible">True</property>
                <property name="can_focus">True</property>
                <property name="visibility">False</property>
                <property name="activates_default">True</property>
              </object>
              <packing>
                <property name="left_attach">1</property>
                <property name="right_attach">2</property>
                <property name="top_attach">1</property>
                <property name="bottom_attach">2</property>
              </packing>
            </child>
          </object>
          <packing>
            <property name="expand">False</property>
            <property name="fill">True</property>
            <property name="position">2</property>
          </packing>
        </child>
      </object>
    </child>
    <action-widgets>
      <action-widget response="-6">button-cancel</action-widget>
      <action-widget response="-5">button-ok</action-widget>
    </action-widgets>
  </object>
</interface>
